,ARTG ID,Search String,Product name,Active ingredients,Sponsor name,Start Date,Dosage Form,Route of Administration,Effective Date,Status,Ingredient 1,Ingredient 1 strength,Ingredient 2,Ingredient 2 strength,Ingredient 3,Ingredient 3 strength
4,296381,"abacavir, lamivudine",ABACAVIR/LAMIVUDINE 600/300 SUN abacavir 600 mg / lamivudine 300 mg tablets bottle,"abacavir sulfate,lamivudine",Sun Pharma ANZ Pty Ltd,5/9/18,"Tablet, film coated",Oral ,5/9/18,Active,abacavir sulfate,702.78mg,lamivudine,300mg,,
5,296380,"abacavir, lamivudine",ABACAVIR/LAMIVUDINE 600/300 SUN abacavir 600 mg / lamivudine 300 mg tablets blister pack,"abacavir sulfate,lamivudine",Sun Pharma ANZ Pty Ltd,5/9/18,"Tablet, film coated",Oral ,5/9/18,Active,abacavir sulfate,702.78mg,lamivudine,300mg,,
6,281029,"abacavir, lamivudine",ABACAVIR/LAMIVUDINE GENERICHEALTH 600/300 abacavir (as hydrochloride) 600 mg and lamivudine 300 mg film-coated tablet bottle pack,"abacavir hydrochloride monohydrate,lamivudine",Lupin Australia Pty Limited,6/10/17,"Tablet, film coated",Oral ,17/10/19,Active,abacavir hydrochloride monohydrate,714.162mg,lamivudine,300mg,,
7,281028,"abacavir, lamivudine",ABACAVIR/LAMIVUDINE GENERICHEALTH 600/300 abacavir (as hydrochloride) 600 mg and lamivudine 300 mg film-coated tablet blister pack,"abacavir hydrochloride monohydrate,lamivudine",Lupin Australia Pty Limited,6/10/17,"Tablet, film coated",Oral ,17/10/19,Active,abacavir hydrochloride monohydrate,714.162mg,lamivudine,300mg,,
8,281027,"abacavir, lamivudine",ABACAVIR/LAMIVUDINE GH 600/300 abacavir (as hydrochloride) 600 mg and lamivudine 300 mg film-coated tablet bottle pack,"abacavir hydrochloride monohydrate,lamivudine",Lupin Australia Pty Limited,6/10/17,"Tablet, film coated",Oral ,17/10/19,Active,abacavir hydrochloride monohydrate,714.162mg,lamivudine,300mg,,
9,281026,"abacavir, lamivudine",ABACAVIR/LAMIVUDINE GH 600/300 abacavir (as hydrochloride) 600 mg and lamivudine 300 mg film-coated tablet blister pack,"abacavir hydrochloride monohydrate,lamivudine",Lupin Australia Pty Limited,6/10/17,"Tablet, film coated",Oral ,17/10/19,Active,abacavir hydrochloride monohydrate,714.162mg,lamivudine,300mg,,
10,281025,"abacavir, lamivudine",ABACAVIR/LAMIVUDINE LAPL 600/300 abacavir (as hydrochloride) 600 mg and lamivudine 300 mg film-coated tablet bottle pack,"abacavir hydrochloride monohydrate,lamivudine",Lupin Australia Pty Limited,6/10/17,"Tablet, film coated",Oral ,17/10/19,Active,abacavir hydrochloride monohydrate,714.162mg,lamivudine,300mg,,
11,281024,"abacavir, lamivudine",ABACAVIR/LAMIVUDINE LAPL 600/300 abacavir (as hydrochloride) 600 mg and lamivudine 300 mg film-coated tablet blister pack,"abacavir hydrochloride monohydrate,lamivudine",Lupin Australia Pty Limited,6/10/17,"Tablet, film coated",Oral ,17/10/19,Active,abacavir hydrochloride monohydrate,714.162mg,lamivudine,300mg,,
12,281023,"abacavir, lamivudine",ABACAVIR/LAMIVUDINE LUPIN 600/300 abacavir (as hydrochloride) 600 mg and lamivudine 300 mg film-coated tablet bottle pack,"abacavir hydrochloride monohydrate,lamivudine",Lupin Australia Pty Limited,6/10/17,"Tablet, film coated",Oral ,17/10/19,Active,abacavir hydrochloride monohydrate,714.162mg,lamivudine,300mg,,
13,281022,"abacavir, lamivudine",ABACAVIR/LAMIVUDINE LUPIN 600/300 abacavir (as hydrochloride) 600 mg and lamivudine 300 mg film-coated tablet blister pack,"abacavir hydrochloride monohydrate,lamivudine",Lupin Australia Pty Limited,6/10/17,"Tablet, film coated",Oral ,17/10/19,Active,abacavir hydrochloride monohydrate,714.162mg,lamivudine,300mg,,
14,266516,"abacavir, lamivudine",ABACAVIR/LAMIVUDINE MYLAN abacavir (as sulfate)/lamivudine 600 mg/300 mg film-coated tablet blister pack,"abacavir sulfate,lamivudine",Alphapharm Pty Ltd,17/11/17,"Tablet, film coated",Oral ,16/9/20,Active,abacavir sulfate,702.78mg,lamivudine,300mg,,
15,266515,"abacavir, lamivudine",ABACAVIR/LAMIVUDINE MYLAN abacavir (as sulfate)/lamivudine 600 mg/300 mg film-coated tablet bottle,"abacavir sulfate,lamivudine",Alphapharm Pty Ltd,17/11/17,"Tablet, film coated",Oral ,16/9/20,Active,abacavir sulfate,702.78mg,lamivudine,300mg,,
16,239757,"abacavir, lamivudine",ABACAVIR/LAMIVUDINE 600/300 APOTEX abacavir 600mg (as sulfate) and lamivudine 300mg tablets bottle,"abacavir sulfate,lamivudine",Apotex Pty Ltd,3/8/16,"Tablet, film coated",Oral ,20/11/19,Active,abacavir sulfate,702.76mg,lamivudine,300mg,,
17,239756,"abacavir, lamivudine",APO-ABACAVIR/LAMIVUDINE 600/300 abacavir 600mg (as sulfate) and lamivudine 300mg tablets bottle,"abacavir sulfate,lamivudine",Apotex Pty Ltd,3/8/16,"Tablet, film coated",Oral ,20/11/19,Active,abacavir sulfate,702.76mg,lamivudine,300mg,,
18,239755,"abacavir, lamivudine",APO-ABACAVIR/LAMIVUDINE 600/300 abacavir 600mg (as sulfate) and lamivudine 300mg tablets blister pack,"abacavir sulfate,lamivudine",Apotex Pty Ltd,3/8/16,"Tablet, film coated",Oral ,20/11/19,Active,abacavir sulfate,702.76mg,lamivudine,300mg,,
19,239754,"abacavir, lamivudine",GenRx Abacavir/Lamivudine 600/300 abacavir 600mg (as sulfate) and lamivudine 300mg tablets blister pack,"abacavir sulfate,lamivudine",Apotex Pty Ltd,3/8/16,"Tablet, film coated",Oral ,20/11/19,Active,abacavir sulfate,702.76mg,lamivudine,300mg,,
20,239752,"abacavir, lamivudine",GenRx ABACAVIR/LAMIVUDINE 600/300 abacavir 600mg (as sulfate) and lamivudine 300mg tablets bottle,"abacavir sulfate,lamivudine",Apotex Pty Ltd,3/8/16,"Tablet, film coated",Oral ,20/11/19,Active,abacavir sulfate,702.76mg,lamivudine,300mg,,
31,66117,aciclovir,PFIZER (PERTH) ACICLOVIR INTRAVENOUS INFUSION aciclovir 500mg/20mL injection ampoule,aciclovir,Pfizer Australia Pty Ltd,8/10/98,"Injection, solution",,16/2/21,Active,aciclovir,500mg,,,,
32,66116,aciclovir,PFIZER (Australia) ACICLOVIR INTRAVENOUS INFUSION aciclovir 250mg/10mL injection ampoule,aciclovir,Pfizer Australia Pty Ltd,8/10/98,"Injection, solution",Intravenous ,16/2/21,Active,aciclovir,250mg,,,,
33,66076,aciclovir,ACIVIR 5% CREAM aciclovir 5% w/w tube,aciclovir,Cipla Australia Pty Ltd,14/10/98,Cream,Topical ,5/8/19,Active,aciclovir,50mg/g,,,,
34,64689,aciclovir,ZOLATEN aciclovir 5% cold sore cream tube,aciclovir,Arrow Pharma Pty Ltd,10/8/98,Cream,Topical ,20/10/09,Active,aciclovir,50mg/g,,,,
40,56810,aciclovir,DBL Aciclovir 500mg/20mL Intravenous infusion injection vial,aciclovir,Pfizer Australia Pty Ltd,19/8/96,"Injection, solution",Intravenous Infusion ,1/3/21,Active,aciclovir,25mg/mL,,,,
41,56809,aciclovir,DBL Aciclovir 250mg/10mL Intravenous infusion injection vial,aciclovir,Pfizer Australia Pty Ltd,19/8/96,"Injection, solution",Intravenous Infusion ,1/3/21,Active,aciclovir,25mg/mL,,,,
48,337712,aciclovir,APOHEALTH COLD SORE CREAM aciclovir 5% w/w tube (new formulation),aciclovir,Arrow Pharma Pty Ltd,11/6/20,Cream,Topical ,16/3/21,Active,aciclovir,50mg/g,,,,
49,324902,aciclovir,ViruPOS aciclovir 30 mg/g eye ointment tube,aciclovir,AFT Pharmaceuticals Pty Ltd,11/2/21,Eye Ointment,Ophthalmic ,1/3/21,Active,aciclovir,30mg/g,,,,
50,319440,aciclovir,XOROX aciclovir 30 mg/g eye ointment tube,aciclovir,Agepha Pharma Pty Ltd,21/9/20,Eye Ointment,Ophthalmic ,6/11/20,Active,aciclovir,30mg/g,,,,
51,319358,aciclovir,OPICLOVIR CREAM 5% aciclovir 5% w/w tube,aciclovir,Cipla Australia Pty Ltd,27/6/19,Cream,Topical ,5/8/19,Active,aciclovir,50mg/g,,,,
53,313549,aciclovir,ACICLOVIR ACCORD aciclovir 500 mg/20 mL injection vial,aciclovir,Accord Healthcare Pty Ltd,17/6/20,"Injection, solution",Intravenous Infusion ,17/6/20,Active,aciclovir,25mg/mL,,,,
54,313548,aciclovir,ACICLOVIR INTAS aciclovir 1000 mg/40 mL injection vial,aciclovir,Accord Healthcare Pty Ltd,17/6/20,"Injection, solution",Intravenous Infusion ,17/6/20,Active,aciclovir,25mg/mL,,,,
55,313547,aciclovir,ACICLOVIR ACCORD aciclovir 1000 mg/40 mL injection vial,aciclovir,Accord Healthcare Pty Ltd,17/6/20,"Injection, solution",Intravenous Infusion ,17/6/20,Active,aciclovir,25mg/mL,,,,
56,313546,aciclovir,ACICLOVIR ACCORD aciclovir 250 mg/10 mL injection vial,aciclovir,Accord Healthcare Pty Ltd,17/6/20,"Injection, solution",Intravenous Infusion ,17/6/20,Active,aciclovir,25mg/mL,,,,
57,313545,aciclovir,ACICLOVIR INTAS aciclovir 250 mg/10 mL injection vial,aciclovir,Accord Healthcare Pty Ltd,17/6/20,"Injection, solution",Intravenous Infusion ,17/6/20,Active,aciclovir,25mg/mL,,,,
58,313544,aciclovir,ACICLOVIR INTAS aciclovir 500 mg/20 mL injection vial,aciclovir,Accord Healthcare Pty Ltd,17/6/20,"Injection, solution",Intravenous Infusion ,17/6/20,Active,aciclovir,25mg/mL,,,,
59,313088,aciclovir,"""CHEMISTS OWN COLD SORE RELIEF CREAM aciclovir 5% w/w tube""",aciclovir,Arrow Pharma Pty Ltd,9/1/19,Cream,Topical ,16/3/21,Active,aciclovir,50mg/g,,,,
60,309839,aciclovir,TERRYWHITE CHEMMART COLD SORE CREAM aciclovir 5% w/w tube,aciclovir,Cipla Australia Pty Ltd,27/9/18,Cream,Topical ,21/1/20,Active,aciclovir,50mg/g,,,,
63,229066,aciclovir,PHARMACY CARE COLD SORE CREAM aciclovir 5% w/w cream tube,aciclovir,Cipla Australia Pty Ltd,10/10/14,Cream,Topical ,30/1/20,Active,aciclovir,50mg/g,,,,
64,229065,aciclovir,AMCAL COLD SORE CREAM aciclovir 5% w/w cream tube,aciclovir,Cipla Australia Pty Ltd,10/10/14,Cream,Topical ,30/1/20,Active,aciclovir,50mg/g,,,,
65,227474,aciclovir,APOHEALTH COLD SORE CREAM aciclovir 5% w/w cream tube,aciclovir,Cipla Australia Pty Ltd,1/9/14,Cream,Topical ,11/11/20,Active,aciclovir,50mg/g,,,,
66,205114,aciclovir,TRUST COLD SORE CREAM aciclovir 5% cream tube,aciclovir,Pharmacor Pty Ltd,22/1/13,Cream,Topical ,23/3/20,Active,aciclovir,50mg/g,,,,
79,198682,aciclovir,PHARMACY HEALTH COLD SORE CREAM aciclovir 5% cream tube,aciclovir,Cipla Australia Pty Ltd,22/6/12,Cream,Topical ,30/1/20,Active,aciclovir,50mg/g,,,,
80,198681,aciclovir,PRICELINE COLD SORE CREAM aciclovir 5% tube,aciclovir,Cipla Australia Pty Ltd,22/6/12,Cream,Topical ,3/2/20,Active,aciclovir,50mg/g,,,,
81,197679,aciclovir,DISCOUNT DRUG STORES COLD SORE CREAM aciclovir 5% cream tube,aciclovir,Apotex Pty Ltd,21/5/12,Cream,Topical ,16/10/19,Active,aciclovir,50mg/g,,,,
82,194405,aciclovir,Pharmacy Action Cold Sore Cream aciclovir 5% tube,aciclovir,Cipla Australia Pty Ltd,7/2/12,Cream,Topical ,11/2/20,Active,aciclovir,50mg/g,,,,
83,183862,aciclovir,ACICLOVIR GH,aciclovir,Sun Pharma ANZ Pty Ltd,9/8/11,"Tablet, uncoated",Oral ,5/2/20,Active,aciclovir,800mg,,,,
84,183861,aciclovir,ACICLOVIR GH,aciclovir,Sun Pharma ANZ Pty Ltd,9/8/11,"Tablet, uncoated",Oral ,5/2/20,Active,aciclovir,400mg,,,,
85,183860,aciclovir,ACICLOVIR GH,aciclovir,Sun Pharma ANZ Pty Ltd,9/8/11,"Tablet, uncoated",Oral ,5/2/20,Active,aciclovir,200mg,,,,
93,161228,aciclovir,PHARMACY CHOICE ACICLOVIR COLD SORE CREAM aciclovir 5% w/w cream tube,aciclovir,Cipla Australia Pty Ltd,21/4/09,Cream,Topical ,15/4/20,Active,aciclovir,50mg/g,,,,
96,150427,aciclovir,BLOOMS THE CHEMIST COLD SORE CREAM aciclovir 5% w/w cream tube,aciclovir,Cipla Australia Pty Ltd,27/2/08,Cream,Topical ,11/11/20,Active,aciclovir,50mg/g,,,,
97,150099,aciclovir,ZOVIRAX aciclovir 5% w/w cream bottle (reformulation),aciclovir,GlaxoSmithKline Consumer Healthcare Australia Pty Ltd,13/2/08,Cream,Topical ,23/1/18,Active,aciclovir,50mg/g,,,,
98,150098,aciclovir,ZOVIRAX aciclovir 5% w/w cream tube (reformulation 2),aciclovir,GlaxoSmithKline Consumer Healthcare Australia Pty Ltd,13/2/08,Cream,Topical ,23/1/18,Active,aciclovir,50mg/g,,,,
100,123862,aciclovir,BLISTEX ANTIVIRAL COLD SORE CREAM aciclovir 5% tube (New formulation),aciclovir,Key Pharmaceuticals Pty Ltd,30/11/05,Cream,Topical ,19/5/20,Active,aciclovir,50mg/g,,,,
104,120500,aciclovir,EASE A COLD COLD SORE CREAM aciclovir 5% w/w tube,aciclovir,Pharmacare Laboratories Pty Ltd,13/7/05,Cream,Topical ,13/7/05,Active,aciclovir,50mg/g,,,,
109,106588,aciclovir,CHEMISTS OWN COLD SORE CREAM aciclovir 5% w/w tube,aciclovir,Arrow Pharma Pty Ltd,28/7/04,Cream,Topical ,17/8/16,Active,aciclovir,50mg/g,,,,
110,97505,albendazole,ESKAZOLE albendazole 400mg chewable tablet,albendazole,Aspen Pharmacare Australia Pty Ltd,9/10/03,"Tablet, chewable",Oral ,26/3/21,Active,albendazole,400mg,,,,
111,97504,albendazole,ESKAZOLE albendazole 400mg chewable tablet,albendazole,Aspen Pharmacare Australia Pty Ltd,9/10/03,"Tablet, chewable",Oral ,26/3/21,Active,albendazole,400mg,,,,
114,49945,amikacin,DBL AMIKACIN 500mg/2mL injection,amikacin,Pfizer Australia Pty Ltd,1/9/94,"Injection, solution",Intramuscular ,26/2/21,Active,amikacin,500mg,,,,
119,262736,amikacin,AMIKACIN AJS amikacin (as sulfate) 500 mg/2mL solution for injection ampoule,amikacin,Southern XP IP Pty Ltd,7/2/17,"Injection, solution",Intravenous ,8/11/19,Active,amikacin,500mg,,,,
120,262735,amikacin,AMIKACIN RMB amikacin (as sulfate) 500 mg/2mL solution for injection ampoule,amikacin,Southern XP IP Pty Ltd,7/2/17,"Injection, solution",Intravenous ,8/11/19,Active,amikacin,500mg,,,,
121,262734,amikacin,AMIKACIN SXP amikacin (as sulfate) 500 mg/2mL solution for injection ampoule,amikacin,Southern XP IP Pty Ltd,7/2/17,"Injection, solution",Intramuscular ,8/11/19,Active,amikacin,500mg,,,,
123,93722,amoxicillin,MAXAMOX amoxicillin trihydrate 500mg/5mLpowder for oral suspension bottle,amoxicillin trihydrate,Sandoz Pty Ltd,22/7/03,"Oral Liquid, powder for",Oral ,9/4/21,Active,amoxicillin trihydrate,114.82mg/mL,,,,
124,93721,amoxicillin,AMOXYCILLIN SANDOZ amoxicillin trihydrate 125mg/5mL powder for oral suspension bottle,amoxicillin trihydrate,Sandoz Pty Ltd,22/7/03,"Oral Liquid, powder for",Oral ,9/4/21,Active,amoxicillin trihydrate,28.77mg/mL,,,,
125,93720,amoxicillin,AMOXYCILLIN SANDOZ amoxicillin trihydrate 250mg/5mL powder for oral suspension bottle,amoxicillin trihydrate,Sandoz Pty Ltd,22/7/03,"Oral Liquid, powder for",Oral ,9/4/21,Active,amoxicillin trihydrate,57.4mg/mL,,,,
138,303432,amoxicillin,AMOXICILLIN MLPL amoxicillin trihydrate 250 mg/5 mL powder for oral suspension bottle pack,amoxicillin trihydrate,Micro Labs Pty Ltd,8/4/19,"Suspension, powder for",Oral ,8/4/19,Active,amoxicillin trihydrate,57.4mg/mL,,,,
139,303431,amoxicillin,AMOXICILLIN MLPL amoxicillin (as trihydrate) 125 mg/5 mL powder for oral suspension bottle pack,amoxicillin trihydrate,Micro Labs Pty Ltd,8/4/19,"Suspension, powder for",Oral ,8/4/19,Active,amoxicillin trihydrate,28.7mg/mL,,,,
140,303430,amoxicillin,AMOXICILLIN B&B amoxicillin (as trihydrate) 250 mg/5 mL powder for oral suspension bottle pack,amoxicillin trihydrate,Micro Labs Pty Ltd,8/4/19,"Suspension, powder for",Oral ,8/4/19,Active,amoxicillin trihydrate,57.4mg/mL,,,,
141,303429,amoxicillin,AMOXICILLIN B&B amoxicillin (as trihydrate) 125 mg/5 mL powder for oral suspension bottle pack,amoxicillin trihydrate,Micro Labs Pty Ltd,8/4/19,"Suspension, powder for",Oral ,8/4/19,Active,amoxicillin trihydrate,28.7mg/mL,,,,
142,303428,amoxicillin,AMOXICILLIN MLABS amoxicillin (as trihydrate) 250 mg/5 mL powder for oral suspension bottle pack,amoxicillin trihydrate,Micro Labs Pty Ltd,8/4/19,"Suspension, powder for",Oral ,8/4/19,Active,amoxicillin trihydrate,57.4mg/mL,,,,
143,303427,amoxicillin,AMOXICILLIN MLABS amoxicillin (as trihydrate) 125 mg/5 mL powder for oral suspension bottle pack,amoxicillin trihydrate,Micro Labs Pty Ltd,8/4/19,"Suspension, powder for",Oral ,8/4/19,Active,amoxicillin trihydrate,28.7mg/mL,,,,
198,90011,"artemether, lumefantrine",RIAMET artemether/lumefantrine 20 mg/120 mg tablet blister pack,"artemether,lumefantrine",Novartis Pharmaceuticals Australia Pty Ltd,24/7/02,"Tablet, uncoated",Oral ,14/7/20,Active,artemether,20mg,lumefantrine,120mg,,
199,298287,"artemether, lumefantrine",COARTEM artemether/lumefantrine 20 mg/120 mg tablet blister pack,"artemether,lumefantrine",Novartis Pharmaceuticals Australia Pty Ltd,13/4/18,"Tablet, uncoated",Oral ,14/7/20,Active,artemether,20mg,lumefantrine,120mg,,
200,158527,"artemether, lumefantrine",COARTEM 20 mg /120 mg artemether/lumefantrine 20 mg/120 mg dispersible tablet blister pack,"artemether,lumefantrine",Novartis Pharmaceuticals Australia Pty Ltd,9/7/10,"Tablet, dispersible",Oral ,26/10/20,Active,artemether,20mg,lumefantrine,120mg,,
201,158523,"artemether, lumefantrine",RIAMET 20 mg /120 mg artemether/lumefantrine 20 mg/120 mg dispersible tablet blister pack,"artemether,lumefantrine",Novartis Pharmaceuticals Australia Pty Ltd,9/7/10,"Tablet, dispersible",Oral ,26/10/20,Active,artemether,20mg,lumefantrine,120mg,,
260,293456,benzathine benzylpenicillin,"BICILLIN L-A-benzathine benzylpenicillin tetrahydrate 600,000 units/1.17 mL suspension for injection syringe with needle",benzathine benzylpenicillin tetrahydrate,Pfizer Australia Pty Ltd,19/9/18,"Injection, suspension",Intramuscular ,5/2/21,Active,benzathine benzylpenicillin tetrahydrate,600000 USP Unit,,,,
261,147169,benzathine benzylpenicillin,"BICILLIN L-A benzathine benzylpenicillin tetrahydrate 1,200,000 Units / 2.3 mL suspension for injection pre-filled syringe with needle",benzathine benzylpenicillin tetrahydrate,Pfizer Australia Pty Ltd,3/1/08,"Injection, suspension",Intramuscular ,5/2/21,Active,benzathine benzylpenicillin tetrahydrate,1200000 USP Unit,,,,
262,293456,benzylpenicillin,"BICILLIN L-A-benzathine benzylpenicillin tetrahydrate 600,000 units/1.17 mL suspension for injection syringe with needle",benzathine benzylpenicillin tetrahydrate,Pfizer Australia Pty Ltd,19/9/18,"Injection, suspension",Intramuscular ,5/2/21,Active,benzathine benzylpenicillin tetrahydrate,600000 USP Unit,,,,
264,285924,benzylpenicillin,PEN G SANDOZ benzylpenicillin sodium 1.2 g powder for injection vial,benzylpenicillin sodium,Sandoz Pty Ltd,1/3/18,"Injection, powder for",Intravenous ,13/5/19,Active,benzylpenicillin sodium,1.198g,,,,
265,285915,benzylpenicillin,PEN G SANDOZ benzylpenicillin sodium 600 mg powder for injection vial,benzylpenicillin sodium,Sandoz Pty Ltd,1/3/18,"Injection, powder for",Intravenous ,13/5/19,Active,benzylpenicillin sodium,0.599g,,,,
266,285912,benzylpenicillin,PEN G SANDOZ benzylpenicillin sodium 3 g powder for injection vial,benzylpenicillin sodium,Sandoz Pty Ltd,1/3/18,"Injection, powder for",Intravenous ,13/5/19,Active,benzylpenicillin sodium,2.994g,,,,
267,285526,benzylpenicillin,PEN G SANDOZ benzylpenicillin sodium 6 g powder for injection vial,benzylpenicillin sodium,Sandoz Pty Ltd,1/3/18,"Injection, powder for",Intravenous ,13/5/19,Active,benzylpenicillin sodium,5.988g,,,,
269,147169,benzylpenicillin,"BICILLIN L-A benzathine benzylpenicillin tetrahydrate 1,200,000 Units / 2.3 mL suspension for injection pre-filled syringe with needle",benzathine benzylpenicillin tetrahydrate,Pfizer Australia Pty Ltd,3/1/08,"Injection, suspension",Intramuscular ,5/2/21,Active,benzathine benzylpenicillin tetrahydrate,1200000 USP Unit,,,,
272,98633,cefalexin,GENRX CEPHALEXIN cefalexin (as monohydrate) 250mg/5mL powder for suspension bottle,cefalexin monohydrate,Apotex Pty Ltd,29/1/04,"Suspension, powder for",Oral ,1/11/12,Active,cefalexin monohydrate,52.576mg/mL,,,,
273,98408,cefalexin,GENRX CEPHALEXIN cefalexin (as monohydrate) 125mg/5mL powder for suspension bottle,cefalexin monohydrate,Apotex Pty Ltd,29/1/04,"Suspension, powder for",Oral ,1/11/12,Active,cefalexin monohydrate,26.288mg/mL,,,,
276,92971,cefalexin,KEFLEX cefalexin 250mg/5mL powder for oral liquid bottle,cefalexin,Aspen Pharmacare Australia Pty Ltd,26/3/03,"Oral Liquid, powder for",Oral ,20/10/20,Active,cefalexin,50mg/mL,,,,
277,92970,cefalexin,KEFLEX cefalexin 125mg/5mL powder for oral liquid bottle,cefalexin,Aspen Pharmacare Australia Pty Ltd,26/3/03,"Oral Liquid, powder for",Oral ,20/10/20,Active,cefalexin,25mg/mL,,,,
278,78982,cefalexin,CEFALEXIN SANDOZ cefalexin (as monohydrate) 250mg/5mL powder for suspension bottle,cefalexin,Sandoz Pty Ltd,11/3/02,"Suspension, powder for",Oral ,7/4/21,Active,cefalexin,50mg/mL,,,,
279,78981,cefalexin,CEFALEXIN SANDOZ cefalexin (as monohydrate) 125mg/5mL powder for suspension bottle,cefalexin,Sandoz Pty Ltd,11/3/02,"Suspension, powder for",Oral ,7/4/21,Active,cefalexin,25mg/mL,,,,
301,154381,cefalexin,CEPHALEXIN GENERICHEALTH cefalexin monohydrate 500 mg capsules blister pack,cefalexin,Generic Health Pty Ltd,10/6/09,Capsule,Oral ,2/12/20,Active,cefalexin,500mg,,,,
302,150170,cefalexin,CEFALEXIN SANDOZ cefalexin monohydrate 250 mg capsules blister pack,cefalexin,Sandoz Pty Ltd,4/3/08,Capsule,Oral ,23/10/20,Active,cefalexin,250mg,,,,
307,147082,cefalexin,CEPHATRUST 500 cefalexin monohydrate 500 mg capsules blister pack,cefalexin,Lupin Australia Pty Limited,4/2/08,Capsule,Oral ,17/9/13,Active,cefalexin,500mg,,,,
308,147081,cefalexin,CEPHATRUST 250 cefalexin monohydrate 250 mg capsules blister pack,cefalexin,Lupin Australia Pty Limited,4/2/08,Capsule,Oral ,17/9/13,Active,cefalexin,250mg,,,,
310,127408,cefalexin,CEPHALEXIN - LUPIN cefalexin monohydrate 500 mg capsules blister pack,cefalexin,Lupin Australia Pty Limited,7/5/07,Capsule,Oral ,17/9/13,Active,cefalexin,500mg,,,,
311,127390,cefalexin,CEPHALEXIN MAX cefalexin monohydrate 250 mg capsules blister pack,cefalexin,Lupin Australia Pty Limited,7/5/07,Capsule,Oral ,17/9/13,Active,cefalexin,250mg,,,,
312,100145,cefalexin,IALEX cefalexin 125mg/5mL (as monohydrate) powder for oral liquid,cefalexin,Aspen Pharmacare Australia Pty Ltd,14/5/04,"Oral Liquid, powder for",Oral ,9/6/20,Active,cefalexin,25mg/mL,,,,
315,100142,cefalexin,IALEX cefalexin 250mg/5mL (as monohydrate) powder for oral liquid,cefalexin,Aspen Pharmacare Australia Pty Ltd,14/5/04,"Oral Liquid, powder for",Oral ,9/6/20,Active,cefalexin,50mg/mL,,,,
317,75956,cefazolin,CEFAZOLIN SANDOZ cefazolin sodium 1g powder for injection vial,cefazolin sodium,Sandoz Pty Ltd,14/3/02,"Injection, powder for",Intramuscular ,5/9/16,Active,cefazolin sodium,1.048g,,,,
326,171582,cefazolin,CEFAZOLIN-AFT cefazolin sodium 1 g powder for injection vial,cefazolin sodium,AFT Pharmaceuticals Pty Ltd,24/11/11,"Injection, powder for",Intramuscular ,18/1/21,Active,cefazolin sodium,1.048g,,,,
327,171534,cefazolin,CEFAZOLIN-AFT cefazolin sodium 0.5 g powder for injection vial,cefazolin sodium,AFT Pharmaceuticals Pty Ltd,24/11/11,"Injection, powder for",Intramuscular ,14/1/20,Active,cefazolin sodium,.524g,,,,
343,170892,ceftazidime,ZETAF 1g ceftazidime 1g powder for injection vial,ceftazidime,Strides Pharma Science Pty Ltd,9/1/12,"Injection, powder for",Intramuscular ,9/1/12,Active,ceftazidime,1g,,,,
344,170891,ceftazidime,ZETAF 2g ceftazidime 2g powder for injection vial,ceftazidime,Strides Pharma Science Pty Ltd,9/1/12,"Injection, powder for",Intravenous ,9/1/12,Active,ceftazidime,2g,,,,
410,340136,chloramphenicol,OCUZO chloramphenicol 5 mg/mL eye drops bottle,chloramphenicol,AFT Pharmaceuticals Pty Ltd,24/7/20,Eye Drops,Ophthalmic ,23/2/21,Active,chloramphenicol,5mg/mL,,,,
415,32263,chloramphenicol,Minims Chloramphenicol 0.5% 5mg/mL eye drops tube,chloramphenicol,Bausch & Lomb Australia Pty Ltd,30/10/91,Eye Drops,Ophthalmic ,18/2/21,Active,chloramphenicol,5mg/mL,,,,
420,222778,chloramphenicol,CHLORAMPHENICOL GPPL chloramphenicol 5 mg/mL eyedrops bottle,chloramphenicol,Arrow Pharma Pty Ltd,24/4/14,Eye Drops,Ophthalmic ,24/4/14,Active,chloramphenicol,5mg/mL,,,,
424,222545,chloramphenicol,CHLORAMPHENICOL GxP chloramphenicol 5 mg/mL eyedrops bottle,chloramphenicol,Neo Health (OTC) Pty Ltd,15/4/14,Eye Drops,Ophthalmic ,9/10/19,Active,chloramphenicol,5mg/mL,,,,
469,154612,ciprofloxacin,CIPROFLOXACIN ALPHAPHARM ciprofloxacin 400mg/200mL injection for intravenous infusion,ciprofloxacin,Alphapharm Pty Ltd,7/8/12,"Injection, intravenous infusion",Intravenous Infusion ,30/1/20,Active,ciprofloxacin,2mg/mL,,,,
470,154611,ciprofloxacin,CIPROFLOXACIN ALPHAPHARM ciprofloxacin 200mg/100mL injection for intravenous infusion,ciprofloxacin,Alphapharm Pty Ltd,7/8/12,"Injection, intravenous infusion",Intravenous Infusion ,30/1/20,Active,ciprofloxacin,2mg/mL,,,,
474,148854,ciprofloxacin,CIPROFLOXACIN-GA ciprofloxacin 250mg (as hydrochloride monohydrate) tablet blister pack,ciprofloxacin,Medis Pharma Pty Ltd,25/9/08,"Tablet, film coated",Oral ,11/8/14,Active,ciprofloxacin,250mg,,,,
475,148853,ciprofloxacin,CIPROFLOXACIN CH ciprofloxacin 750mg (as hydrochloride monohydrate) tablet blister pack,ciprofloxacin,Amneal Pharma Australia Pty Ltd,25/9/08,"Tablet, film coated",Oral ,11/11/14,Active,ciprofloxacin,750mg,,,,
476,148852,ciprofloxacin,CIPROFLOXACIN CH ciprofloxacin 500mg (as hydrochloride monohydrate) tablet blister pack,ciprofloxacin,Amneal Pharma Australia Pty Ltd,25/9/08,"Tablet, film coated",Oral ,11/11/14,Active,ciprofloxacin,500mg,,,,
477,148849,ciprofloxacin,CIPROFLOXACIN CH ciprofloxacin 250mg (as hydrochloride monohydrate) tablet blister pack,ciprofloxacin,Amneal Pharma Australia Pty Ltd,25/9/08,"Tablet, film coated",Oral ,11/11/14,Active,ciprofloxacin,250mg,,,,
483,127785,ciprofloxacin,CIPROFLOXACIN-DRLA ciprofloxacin 750mg (as hydrochloride monohydrate) tablet blister pack,ciprofloxacin,Dr Reddys Laboratories Australia Pty Ltd,28/11/06,"Tablet, film coated",,21/6/11,Active,ciprofloxacin,750mg,,,,
484,127784,ciprofloxacin,CIPROFLOXACIN-DRLA ciprofloxacin 500mg (as hydrochloride monohydrate) tablet blister pack,ciprofloxacin,Dr Reddys Laboratories Australia Pty Ltd,28/11/06,"Tablet, film coated",,21/6/11,Active,ciprofloxacin,500mg,,,,
485,127783,ciprofloxacin,CIPROFLOXACIN-DRLA ciprofloxacin 250mg (as hydrochloride monohydrate) tablet blister pack,ciprofloxacin,Dr Reddys Laboratories Australia Pty Ltd,28/11/06,"Tablet, film coated",,21/6/11,Active,ciprofloxacin,250mg,,,,
486,127781,ciprofloxacin,CIPROFLOXACIN GH ciprofloxacin 500 mg (as hydrochloride monohydrate) tablet blister pack,ciprofloxacin,Generic Health Pty Ltd,28/11/06,"Tablet, film coated",Oral ,8/7/20,Active,ciprofloxacin,500mg,,,,
487,125324,ciprofloxacin,ROFLO ciprofloxacin 750mg (as hydrochloride monohydrate) tablet blister pack,ciprofloxacin,Ipca Pharma (Australia) Pty Ltd,28/8/06,"Tablet, film coated",Oral ,24/3/14,Active,ciprofloxacin,750mg,,,,
488,125323,ciprofloxacin,ROFLO ciprofloxacin 500mg (as hydrochloride monohydrate) tablet blister pack,ciprofloxacin,Ipca Pharma (Australia) Pty Ltd,28/8/06,"Tablet, film coated",Oral ,24/3/14,Active,ciprofloxacin,500mg,,,,
489,125322,ciprofloxacin,ROFLO ciprofloxacin 250mg (as hydrochloride monohydrate) tablet blister pack,ciprofloxacin,Ipca Pharma (Australia) Pty Ltd,28/8/06,"Tablet, film coated",Oral ,24/3/14,Active,ciprofloxacin,250mg,,,,
490,123042,ciprofloxacin,DBL CIPROFLOXACIN 400 mg/200 mL injection for intravenous infusion bag,ciprofloxacin,Pfizer Australia Pty Ltd,15/12/06,"Injection, solution",,9/10/20,Active,ciprofloxacin,400mg,,,,
491,123041,ciprofloxacin,DBL CIPROFLOXACIN 200 mg/100 mL injection for intravenous infusion bag,ciprofloxacin,Pfizer Australia Pty Ltd,15/12/06,"Injection, solution",,9/10/20,Active,ciprofloxacin,200mg,,,,
492,123038,ciprofloxacin,DBL CIPROFLOXACIN 100 mg/50 mL injection for intravenous infusion bag,ciprofloxacin,Pfizer Australia Pty Ltd,15/12/06,"Injection, solution",,9/10/20,Active,ciprofloxacin,100mg,,,,
498,114735,ciprofloxacin,ASPEN CIPROFLOXACIN ciprofloxacin injection for intravenous infusion 200mg/100mL bag,ciprofloxacin,Aspen Pharmacare Australia Pty Ltd,23/1/06,"Injection, intravenous infusion",Intravenous Infusion ,5/12/19,Active,ciprofloxacin,2mg/mL,,,,
499,114731,ciprofloxacin,ASPEN CIPROFLOXACIN ciprofloxacin injection for intravenous infusion 100mg/50mL bag,ciprofloxacin,Aspen Pharmacare Australia Pty Ltd,23/1/06,"Injection, intravenous infusion",Intravenous Infusion ,5/12/19,Active,ciprofloxacin,2mg/mL,,,,
500,114048,ciprofloxacin,CIPROFLOXACIN-BL ciprofloxacin 750mg (as hydrochloride monohydrate) tablet blister pack,ciprofloxacin,Ipca Pharma (Australia) Pty Ltd,5/11/04,"Tablet, film coated",Oral ,24/3/14,Active,ciprofloxacin,750mg,,,,
501,114047,ciprofloxacin,CIPROFLOXACIN-BL ciprofloxacin 500mg (as hydrochloride monohydrate) tablet blister pack,ciprofloxacin,Ipca Pharma (Australia) Pty Ltd,5/11/04,"Tablet, film coated",Oral ,24/3/14,Active,ciprofloxacin,500mg,,,,
502,114046,ciprofloxacin,CIPROFLOXACIN-BL ciprofloxacin 250mg (as hydrochloride monohydrate) tablet blister pack,ciprofloxacin,Ipca Pharma (Australia) Pty Ltd,5/11/04,"Tablet, film coated",Oral ,24/3/14,Active,ciprofloxacin,250mg,,,,
503,114045,ciprofloxacin,CIROFAXIN ciprofloxacin 750mg (as hydrochloride monohydrate) tablet blister pack,ciprofloxacin,Strides Pharma Science Pty Ltd,5/11/04,"Tablet, film coated",Oral ,31/10/11,Active,ciprofloxacin,750mg,,,,
504,114044,ciprofloxacin,CIROFAXIN ciprofloxacin 500mg (as hydrochloride monohydrate) tablet blister pack,ciprofloxacin,Strides Pharma Science Pty Ltd,5/11/04,"Tablet, film coated",Oral ,31/10/11,Active,ciprofloxacin,500mg,,,,
505,114043,ciprofloxacin,CIROFAXIN ciprofloxacin 250mg (as hydrochloride monohydrate) tablet blister pack,ciprofloxacin,Strides Pharma Science Pty Ltd,5/11/04,"Tablet, film coated",Oral ,31/10/11,Active,ciprofloxacin,250mg,,,,
508,56729,clarithromycin,KLACID clarithromycin 250mg/5mL powder for oral liquid bottle,clarithromycin,Mylan Health Pty Ltd,22/8/96,"Oral Liquid, powder for",Oral ,1/12/20,Active,clarithromycin,50mg/mL,,,,
551,94875,clotrimazole,FEMIZOL VAGINAL CREAM clotrimazole 20mg/g tube,clotrimazole,Medis Pharma Pty Ltd,12/6/03,Cream,Topical ,12/6/03,Active,clotrimazole,20mg/g,,,,
553,92426,clotrimazole,CANESTEN CLOTRIMAZOLE THRUSH 1 DAY PESSARY + CREAM 500 mg compressed pessary blister pack and 10 mg/g cream tube composite pack,clotrimazole,Bayer Australia Ltd,9/1/03,"Cream, Pessary, compressed","Topical , Vaginal ",16/12/20,Active,clotrimazole,10mg/g,,,,
556,81770,clotrimazole,"""SOUL PATTINSON ANTIFUNGAL CLOTRIMAZOLE WOMENS COMBINATION TREATMENT pessary and cream""",clotrimazole,Soul Pattinson Manufacturing Pty Ltd,21/2/02,"Cream, Pessary, compressed","Topical , Vaginal ",3/7/02,Active,clotrimazole,10mg/g,,,,
568,338055,clotrimazole,PHARMACY HEALTH CLOTRIMAZOLE 6 DAY THRUSH CREAM Clotrimazole 10mg/g vaginal cream 35 g tube plus 6 applicators,clotrimazole,Soul Pattinson Manufacturing Pty Ltd,18/6/20,Cream,Vaginal ,18/6/20,Active,clotrimazole,10mg/g,,,,
569,338054,clotrimazole,TERRYWHITE CHEMMART CLOTRIMAZOLE 6 DAY THRUSH CREAM Clotrimazole 10mg/g vaginal cream 35 g tube plus 6 applicators,clotrimazole,Soul Pattinson Manufacturing Pty Ltd,18/6/20,Cream,Vaginal ,18/6/20,Active,clotrimazole,10mg/g,,,,
570,338053,clotrimazole,PRICELINE PHARMACY CLOTRIMAZOLE 6 DAY THRUSH TREATMENT Clotrimazole 10mg/g vaginal cream 35 g tube plus 6 applicators,clotrimazole,Soul Pattinson Manufacturing Pty Ltd,18/6/20,Cream,Vaginal ,18/6/20,Active,clotrimazole,10mg/g,,,,
571,338046,clotrimazole,SOUL PATTINSON CLOTRIMAZOLE 6 DAY THRUSH TREATMENT Clotrimazole 10mg/g vaginal cream 35 g tube plus 6 applicators,clotrimazole,Soul Pattinson Manufacturing Pty Ltd,17/6/20,Cream,Vaginal ,17/6/20,Active,clotrimazole,10mg/g,,,,
572,337724,clotrimazole,BLOOMS THE CHEMIST ANTI-FUNGAL CREAM clotrimazole 1% w/w cream tube (new formulation),clotrimazole,Arrow Pharma Pty Ltd,11/6/20,Cream,Topical ,11/6/20,Active,clotrimazole,10mg/g,,,,
575,336358,clotrimazole,APOHEALTH ANTI-FUNGAL CREAM clotrimazole 1% w/w cream tube (new formulation),clotrimazole,Arrow Pharma Pty Ltd,14/5/20,Cream,Topical ,14/5/20,Active,clotrimazole,10mg/g,,,,
579,322231,clotrimazole,PHARMACY OWN ANTI-FUNGAL CREAM clotrimazole 10mg/g tube,clotrimazole,Wockhardt Bio Pty Ltd,23/8/19,Cream,Topical ,23/8/19,Active,clotrimazole,10mg/g,,,,
580,314847,clotrimazole,CA CLOTRIMAZOLE 3 DAY THRUSH TREATMENT clotrimazole 20 mg/g cream tube,clotrimazole,Cipla Australia Pty Ltd,27/2/19,Cream,Vaginal ,27/2/19,Active,clotrimazole,20mg/g,,,,
582,310541,clotrimazole,PHARMACY HEALTH CLOTRIMAZOLE 3 DAY THRUSH TREATMENT 20 mg/g cream tube,clotrimazole,Cipla Australia Pty Ltd,19/10/18,Cream,Vaginal ,25/3/20,Active,clotrimazole,20mg/g,,,,
583,310540,clotrimazole,PRICELINE PHARMACY CLOTRIMAZOLE 3 DAY THRUSH TREATMENT clotrimazole 20 mg/g cream tube,clotrimazole,Cipla Australia Pty Ltd,19/10/18,Cream,Vaginal ,15/4/20,Active,clotrimazole,20mg/g,,,,
584,310480,clotrimazole,TERRYWHITE CHEMMART CLOTRIMAZOLE 6 DAY THRUSH TREATMENT 10mg/g cream tube,clotrimazole,Cipla Australia Pty Ltd,18/10/18,Cream,Topical ,28/8/20,Active,clotrimazole,10mg/g,,,,
586,309147,clotrimazole,PRICELINE PHARMACY CLOTRIMAZOLE 6 DAY THRUSH TREATMENT 10 mg/g cream tube,clotrimazole,Cipla Australia Pty Ltd,10/9/18,Cream,Topical ,28/8/20,Active,clotrimazole,10mg/g,,,,
587,308628,clotrimazole,PHARMACY HEALTH CLOTRIMAZOLE 6 DAY THRUSH TREATMENT 10 mg/g cream tube,clotrimazole,Cipla Australia Pty Ltd,24/8/18,Cream,Topical ,28/8/20,Active,clotrimazole,10mg/g,,,,
589,275827,clotrimazole,PHARMACY SELECT CLOTRIMAZOLE 1% CREAM 10 mg/g tube,clotrimazole,Cipla Australia Pty Ltd,25/5/16,Cream,Topical ,25/5/16,Active,clotrimazole,10mg/g,,,,
594,227241,clotrimazole,PHARMACY CHOICE CLOTRIMAZOLE 3 DAY THRUSH TREATMENT CREAM clotrimazole 20mg/g tube,clotrimazole,Cipla Australia Pty Ltd,25/8/14,Cream,Vaginal ,11/2/20,Active,clotrimazole,20mg/g,,,,
604,201689,clotrimazole,CHEMISTS’ OWN CLOZOLE BROAD SPECTRUM ANTIFUNGAL CREAM clotrimazole 1% w/w cream tube,clotrimazole,Arrow Pharma Pty Ltd,9/10/12,Cream,Topical ,12/11/19,Active,clotrimazole,10mg/g,,,,
612,17593,clotrimazole,CLONEA clotrimazole 10mg/g cream tube,clotrimazole,Alphapharm Pty Ltd,20/9/91,Cream,Topical ,8/1/13,Active,clotrimazole,20mg/g,,,,
613,172517,clotrimazole,BLOOMS THE CHEMIST CLOTRIMAZOLE 3 DAY VAGINAL CREAM Clotrimazole 20mg/g tube,clotrimazole,Cipla Australia Pty Ltd,23/6/10,Cream,Vaginal ,12/11/20,Active,clotrimazole,20mg/g,,,,
614,150663,clotrimazole,APO-CLOTRIMAZOLE 6 DAY CREAM clotrimazole 10mg/g tube,clotrimazole,Cipla Australia Pty Ltd,11/3/08,Cream,Vaginal ,11/11/20,Active,clotrimazole,10mg/g,,,,
615,150662,clotrimazole,APO-CLOTRIMAZOLE 3 DAY CREAM clotrimazole 20mg/g tube,clotrimazole,Cipla Australia Pty Ltd,11/3/08,Cream,Vaginal ,11/11/20,Active,clotrimazole,20mg/g,,,,
618,132865,clotrimazole,PHARMACY CHOICE CLOTRIMAZOLE THRUSH TREATMENT 6 DAY CREAM 10mg/g clotrimazole 1%w/w tube,clotrimazole,Cipla Australia Pty Ltd,8/11/06,Cream,Vaginal ,20/1/20,Active,clotrimazole,10mg/g,,,,
624,17608,dapsone,Dapsone 100 tablet,dapsone,Alphapharm Pty Ltd,20/9/91,"Tablet, uncoated",Oral ,3/7/02,Active,dapsone,100mg,,,,
630,271133,darunavir,DARUNAVIR MYLAN darunavir 800 mg tablet bottle,darunavir,Alphapharm Pty Ltd,26/5/17,"Tablet, film coated",Oral ,9/12/20,Active,darunavir,800mg,,,,
631,271132,darunavir,DARUNAVIR MYLAN darunavir 600 mg tablet bottle,darunavir,Alphapharm Pty Ltd,26/5/17,"Tablet, film coated",Oral ,9/12/20,Active,darunavir,600mg,,,,
650,62056,doxycycline,DOXSIG doxycycline 100mg (as hydrochloride) tablet bottle,doxycycline,Arrow Pharma Pty Ltd,12/2/98,"Tablet, film coated",Oral ,7/12/18,Active,doxycycline,100mg,,,,
652,56206,doxycycline,DOXY-100 doxycycline 100mg (as hydrochloride) tablet bottle,doxycycline,Medis Pharma Pty Ltd,11/7/96,"Tablet, film coated",Oral ,1/2/16,Active,doxycycline,100mg,,,,
673,148817,doxycycline,DOXYCYCLINE-GA doxycycline 100mg (as hydrochloride) tablet bottle,doxycycline,Medis Pharma Pty Ltd,24/6/08,"Tablet, film coated",Oral ,1/2/16,Active,doxycycline,100mg,,,,
675,148815,doxycycline,DOXYCYCLINE-GA doxycycline 100mg (as hydrochloride) tablet blister pack,doxycycline,Medis Pharma Pty Ltd,24/6/08,"Tablet, film coated",Oral ,1/2/16,Active,doxycycline,100mg,,,,
681,148806,doxycycline,DOXIRIS doxycycline 100mg (as hydrochloride) tablet blister pack,doxycycline,Strides Pharma Science Pty Ltd,24/6/08,"Tablet, film coated",Oral ,29/8/11,Active,doxycycline,100mg,,,,
695,280721,"efavirenz, emtricitabine, tenofovir",TENOFOVIR DISOPROXIL/ EMTRICITABINE/ EFAVIRENZ Mylan 300/200/600 tenofovir disoproxil maleate 300 mg/ emtricitabine 200 mg/ efavirenz 600 mg tablet bottle,"efavirenz,emtricitabine,tenofovir disoproxil maleate",Alphapharm Pty Ltd,17/5/18,"Tablet, film coated",Oral ,13/7/20,Active,efavirenz,600mg,emtricitabine,200mg,tenofovir disoproxil maleate,300mg
696,154491,"efavirenz, emtricitabine, tenofovir",ATRIPLA 300 mg tenofovir disoproxil fumarate/200 mg emtricitabine/600 mg efavirenz tablets bottle,"efavirenz,emtricitabine,tenofovir disoproxil fumarate",Gilead Sciences Pty Ltd,3/8/09,"Tablet, film coated",Oral ,8/12/20,Active,efavirenz,600mg,emtricitabine,200mg,tenofovir disoproxil fumarate,300mg
697,327898,"emtricitabine, tenofovir",CIPLA TENOFOVIR + EMTRICITABINE 300/200 Tenofovir disoproxil fumarate 300 mg and emtricitabine 200 mg tablet bottle pack,"emtricitabine,tenofovir disoproxil fumarate",Cipla Australia Pty Ltd,9/12/20,"Tablet, film coated",Oral ,17/3/21,Active,emtricitabine,200mg,tenofovir disoproxil fumarate,300mg,,
700,326237,"emtricitabine, tenofovir",TENOFOVIR / EMTRICITABINE SANDOZ 301/200 tenofovir disoproxil succinate / emtricitabine 301/200 mg film-coated tablet bottle,"emtricitabine,tenofovir disoproxil succinate",Sandoz Pty Ltd,1/3/21,"Tablet, film coated",Oral ,1/3/21,Active,emtricitabine,200mg,tenofovir disoproxil succinate,300.6mg,,
701,275071,"emtricitabine, tenofovir",Tenofovir/Emtricitabine 300/200 APOTEX tenofovir disoproxil fumarate 300 mg emtricitabine 200 mg tablet bottle,"emtricitabine,tenofovir disoproxil fumarate",Apotex Pty Ltd,10/11/17,"Tablet, film coated",Oral ,24/11/20,Active,emtricitabine,200mg,tenofovir disoproxil fumarate,300mg,,
702,275070,"emtricitabine, tenofovir",Tenofovir/Emtricitabine 300/200 APOTEX tenofovir disoproxil fumarate 300 mg emtricitabine 200 mg tablet blister pack,"emtricitabine,tenofovir disoproxil fumarate",Apotex Pty Ltd,10/11/17,"Tablet, film coated",Oral ,24/11/20,Active,emtricitabine,200mg,tenofovir disoproxil fumarate,300mg,,
703,275069,"emtricitabine, tenofovir",APO-Tenofovir/Emtricitabine 300/200 tenofovir disoproxil fumarate 300 mg emtricitabine 200 mg tablet bottle,"emtricitabine,tenofovir disoproxil fumarate",Apotex Pty Ltd,10/11/17,"Tablet, film coated",Oral ,24/11/20,Active,emtricitabine,200mg,tenofovir disoproxil fumarate,300mg,,
704,275068,"emtricitabine, tenofovir",APO-Tenofovir/Emtricitabine 300/200 tenofovir disoproxil fumarate 300 mg emtricitabine 200 mg tablet blister pack,"emtricitabine,tenofovir disoproxil fumarate",Apotex Pty Ltd,10/11/17,"Tablet, film coated",Oral ,24/11/20,Active,emtricitabine,200mg,tenofovir disoproxil fumarate,300mg,,
705,269197,"emtricitabine, tenofovir",TENOFOVIR EMT LAPL tenofovir disoproxil phosphate and emtricitabine 291mg/200mg film coated tablets,"emtricitabine,tenofovir disoproxil phosphate",Lupin Australia Pty Limited,31/1/17,"Tablet, film coated",Oral ,23/2/21,Active,emtricitabine,200mg,tenofovir disoproxil phosphate,291mg,,
706,269196,"emtricitabine, tenofovir",TENOFOVIR EMT GH tenofovir disoproxil phosphate and emtricitabine 291mg/200mg film coated tablets,"emtricitabine,tenofovir disoproxil phosphate",Lupin Australia Pty Limited,31/1/17,"Tablet, film coated",Oral ,23/2/21,Active,emtricitabine,200mg,tenofovir disoproxil phosphate,291mg,,
707,269195,"emtricitabine, tenofovir",TENOFOVIR EMT LUPIN tenofovir disoproxil phosphate and emtricitabine 291mg/200mg film coated tablets,"emtricitabine,tenofovir disoproxil phosphate",Lupin Australia Pty Limited,31/1/17,"Tablet, film coated",Oral ,23/2/21,Active,emtricitabine,200mg,tenofovir disoproxil phosphate,291mg,,
708,265835,"emtricitabine, tenofovir",TENOFOVIR DISOPROXIL EMTRICITABINE MYLAN 300/200 tenofovir disoproxil maleate300 mg and emtricitabine 200 mg film coated tablet blister pack,"emtricitabine,tenofovir disoproxil maleate",Alphapharm Pty Ltd,15/12/16,"Tablet, film coated",Oral ,4/2/21,Active,emtricitabine,200mg,tenofovir disoproxil maleate,300mg,,
709,265834,"emtricitabine, tenofovir",TENOFOVIR DISOPROXIL EMTRICITABINE MYLAN 300/200 tenofovir disoproxil maleate300 mg and emtricitabine 200 mg film coated tablet bottle,"emtricitabine,tenofovir disoproxil maleate",Alphapharm Pty Ltd,15/12/16,"Tablet, film coated",Oral ,4/2/21,Active,emtricitabine,200mg,tenofovir disoproxil maleate,300mg,,
710,265833,"emtricitabine, tenofovir",TRUCITAVIR 300/200 tenofovir disoproxil maleate/ emtricitabine 300 mg/200 mg film coated tablet bottle,"emtricitabine,tenofovir disoproxil maleate",Alphapharm Pty Ltd,15/12/16,"Tablet, film coated",Oral ,4/2/21,Active,emtricitabine,200mg,tenofovir disoproxil maleate,300mg,,
711,265832,"emtricitabine, tenofovir",TRUCITAVIR 300/200 tenofovir disoproxil maleate/ emtricitabine 300 mg/200 mg film coated tablet blister pack,"emtricitabine,tenofovir disoproxil maleate",Alphapharm Pty Ltd,15/12/16,"Tablet, film coated",Oral ,4/2/21,Active,emtricitabine,200mg,tenofovir disoproxil maleate,300mg,,
712,246093,"emtricitabine, tenofovir",DESCOVY 200 mg/10 mg (200 mg emtricitabine/10 mg tenofovir alafenamide) tablet bottle,"emtricitabine,tenofovir alafenamide fumarate",Gilead Sciences Pty Ltd,1/7/16,"Tablet, film coated",Oral ,14/1/21,Active,emtricitabine,200mg,tenofovir alafenamide fumarate,11.2mg,,
713,246092,"emtricitabine, tenofovir",DESCOVY 200 mg/25 mg (200 mg emtricitabine/25 mg tenofovir alafenamide) tablet bottle,"emtricitabine,tenofovir alafenamide fumarate",Gilead Sciences Pty Ltd,1/7/16,"Tablet, film coated",Oral ,14/1/21,Active,emtricitabine,200mg,tenofovir alafenamide fumarate,28mg,,
714,107072,"emtricitabine, tenofovir",TRUVADA tenofovir disoproxil fumarate / emtricitabine 300/200 mg tablet bottle,"emtricitabine,tenofovir disoproxil fumarate",Gilead Sciences Pty Ltd,22/9/05,"Tablet, film coated",Oral ,16/9/20,Active,emtricitabine,200mg,tenofovir disoproxil fumarate,300mg,,
723,259926,entecavir,"ENTECAVIR ML 1 mg entecavir (as monohydrate) tablet, blister pack",entecavir,Amneal Pharma Australia Pty Ltd,22/7/16,"Tablet, film coated",Oral ,11/10/16,Active,entecavir,1mg,,,,
725,259924,entecavir,"ENTECAVIR ML 1 mg entecavir (as monohydrate) tablet, bottle",entecavir,Amneal Pharma Australia Pty Ltd,22/7/16,"Tablet, film coated",Oral ,11/10/16,Active,entecavir,1mg,,,,
726,259923,entecavir,"ENTECAVIR ML 0.5mg entecavir (as monohydrate) tablet, bottle",entecavir,Amneal Pharma Australia Pty Ltd,22/7/16,"Tablet, film coated",Oral ,11/10/16,Active,entecavir,0.5mg,,,,
730,259919,entecavir,"ENTECAVIR ML 0.5 mg entecavir (as monohydrate) tablet, blister pack",entecavir,Amneal Pharma Australia Pty Ltd,22/7/16,"Tablet, film coated",Oral ,11/10/16,Active,entecavir,0.5mg,,,,
741,256694,entecavir,ENTECAVIR SUN entecavir (as monohydrate) 1.0 mg film-coated tablet bottle,entecavir,Sun Pharma ANZ Pty Ltd,19/5/16,"Tablet, film coated",Oral ,26/8/19,Active,entecavir,0.1mg,,,,
742,256693,entecavir,ENTECAVIR SUN entecavir (as monohydrate) 1.0 mg film-coated tablet blister pack,entecavir,Sun Pharma ANZ Pty Ltd,19/5/16,"Tablet, film coated",Oral ,26/8/19,Active,entecavir,1mg,,,,
743,256692,entecavir,ENTECAVIR SUN entecavir (as monohydrate) 0.5mg film-coated tablet bottle,entecavir,Sun Pharma ANZ Pty Ltd,19/5/16,"Tablet, film coated",Oral ,26/8/19,Active,entecavir,0.5mg,,,,
744,256673,entecavir,ENTECAVIR SUN entecavir (as monohydrate) 0.5mg film-coated tablet blister pack,entecavir,Sun Pharma ANZ Pty Ltd,19/5/16,"Tablet, film coated",Oral ,26/8/19,Active,entecavir,0.5mg,,,,
745,256672,entecavir,ENTECAVIR RBX entecavir (as monohydrate) 1.0 mg film-coated tablet bottle,entecavir,Sun Pharma ANZ Pty Ltd,19/5/16,"Tablet, film coated",Oral ,26/8/19,Active,entecavir,1mg,,,,
746,256652,entecavir,ENTECAVIR RBX entecavir (as monohydrate) 1.0 mg film-coated tablet blister pack,entecavir,Sun Pharma ANZ Pty Ltd,19/5/16,"Tablet, film coated",Oral ,26/8/19,Active,entecavir,1mg,,,,
747,256632,entecavir,ENTECAVIR RBX entecavir (as monohydrate) 0.5mg film-coated tablet bottle,entecavir,Sun Pharma ANZ Pty Ltd,19/5/16,"Tablet, film coated",Oral ,26/8/19,Active,entecavir,0.5mg,,,,
748,256612,entecavir,ENTECAVIR RBX entecavir (as monohydrate) 0.5mg film-coated tablet blister pack,entecavir,Sun Pharma ANZ Pty Ltd,19/5/16,"Tablet, film coated",Oral ,26/8/19,Active,entecavir,0.5mg,,,,
749,256512,entecavir,ENTECAVIR RAN entecavir (as monohydrate) 1.0 mg film-coated tablet bottle,entecavir,Sun Pharma ANZ Pty Ltd,19/5/16,"Tablet, film coated",Oral ,26/8/19,Active,entecavir,1mg,,,,
750,256492,entecavir,ENTECAVIR APO entecavir (as monohydrate) 1.0 mg film-coated tablet blister pack,entecavir,Apotex Pty Ltd,19/5/16,"Tablet, film coated",Oral ,23/10/20,Active,entecavir,1mg,,,,
751,256472,entecavir,ENTECAVIR RAN entecavir (as monohydrate) 0.5mg film-coated tablet bottle,entecavir,Sun Pharma ANZ Pty Ltd,19/5/16,"Tablet, film coated",Oral ,26/8/19,Active,entecavir,0.5mg,,,,
752,256432,entecavir,ENTECAVIR APO entecavir (as monohydrate) 0.5mg film-coated tablet blister pack,entecavir,Apotex Pty Ltd,19/5/16,"Tablet, film coated",Oral ,23/10/20,Active,entecavir,0.5mg,,,,
773,220093,entecavir,ENTECAVIR MYLAN entecavir (as monohydrate) 0.5 mg film coated tablets bottle,entecavir,Alphapharm Pty Ltd,18/4/16,"Tablet, film coated",Oral ,16/4/21,Active,entecavir,0.5mg,,,,
774,220091,entecavir,ENTECAVIR MYLAN entecavir (as monohydrate) 1 mg film coated tablets blister pack,entecavir,Alphapharm Pty Ltd,18/4/16,"Tablet, film coated",Oral ,16/4/21,Active,entecavir,1mg,,,,
775,220090,entecavir,ENTECAVIR MYLAN entecavir (as monohydrate) 0.5 mg film coated tablets blister pack,entecavir,Alphapharm Pty Ltd,18/4/16,"Tablet, film coated",Oral ,16/4/21,Active,entecavir,0.5mg,,,,
776,220088,entecavir,ENTECAVIR MYLAN entecavir (as monohydrate) 1 mg film coated tablets bottle,entecavir,Alphapharm Pty Ltd,18/4/16,"Tablet, film coated",Oral ,16/4/21,Active,entecavir,1mg,,,,
779,116853,entecavir,BARACLUDE entecavir 1.0mg film coated tablet blister pack,entecavir,Bristol-Myers Squibb Australia Pty Ltd,12/4/06,"Tablet, film coated",Oral ,16/3/21,Active,entecavir,1mg,,,,
780,116852,entecavir,BARACLUDE entecavir 0.5mg film coated tablet blister pack,entecavir,Bristol-Myers Squibb Australia Pty Ltd,12/4/06,"Tablet, film coated",Oral ,16/3/21,Active,entecavir,0.5mg,,,,
784,59089,fluconazole,DIFLUCAN Fluconazole 50mg/5mL (after reconstitution) powder for oral suspension bottle,fluconazole,Pfizer Australia Pty Ltd,18/12/97,"Oral Liquid, powder for",Oral ,30/10/20,Active,fluconazole,10mg/mL,,,,
788,47462,fluconazole,DIFLUCAN fluconazole 200mg/100mL injection,fluconazole,Pfizer Australia Pty Ltd,16/12/93,"Injection, solution",Intravenous ,30/10/20,Active,fluconazole,2mg/mL,,,,
789,47461,fluconazole,DIFLUCAN fluconazole 100mg/50mL injection,fluconazole,Pfizer Australia Pty Ltd,16/12/93,"Injection, solution",Intravenous ,30/10/20,Active,fluconazole,2mg/mL,,,,
811,155341,fluconazole,FLUCONAZOLE ALPHAPHARM fluconazole 400 mg/200 mL solution for infusion bag,fluconazole,Alphapharm Pty Ltd,18/6/10,"Injection, intravenous infusion",Intravenous ,20/2/18,Active,fluconazole,2mg/mL,,,,
812,155339,fluconazole,FLUCONAZOLE ALPHAPHARM fluconazole 100 mg/50 mL solution for infusion bag,fluconazole,Alphapharm Pty Ltd,18/6/10,"Injection, intravenous infusion",Intravenous ,20/2/18,Active,fluconazole,2mg/mL,,,,
813,155335,fluconazole,FLUCONAZOLE ALPHAPHARM fluconazole 200 mg/100 mL solution for infusion bag,fluconazole,Alphapharm Pty Ltd,18/6/10,"Injection, intravenous infusion",Intravenous ,20/2/18,Active,fluconazole,2mg/mL,,,,
816,149125,fluconazole,CIPLA FEMME FLUCONAZOLE 1 fluconazole 150mg capsule blister pack,fluconazole,Cipla Australia Pty Ltd,14/1/08,"Capsule, hard",Oral ,12/11/19,Active,fluconazole,150mg,,,,
818,133469,fluconazole,FLUCONAZOLE-BAXTER fluconazole 400mg/200mL solution for injection vial,fluconazole,Baxter Healthcare Pty Ltd,29/4/08,"Injection, solution",Intravenous ,11/10/19,Active,fluconazole,2mg/mL,,,,
819,133468,fluconazole,FLUCONAZOLE-BAXTER fluconazole 200mg/100mL solution for injection vial,fluconazole,Baxter Healthcare Pty Ltd,29/4/08,"Injection, solution",Intravenous ,11/10/19,Active,fluconazole,2mg/mL,,,,
820,133463,fluconazole,FLUCONAZOLE-BAXTER fluconazole 100mg/50mL solution for injection vial,fluconazole,Baxter Healthcare Pty Ltd,29/4/08,"Injection, solution",Intravenous ,11/10/19,Active,fluconazole,2mg/mL,,,,
824,128729,fluconazole,ASPEN FLUCONAZOLE fluconazole 400mg/200mL solution for injection bag,fluconazole,Aspen Pharmacare Australia Pty Ltd,11/5/07,"Injection, solution",Intravenous ,17/7/18,Active,fluconazole,400mg,,,,
825,128728,fluconazole,ASPEN FLUCONAZOLE fluconazole 200mg/100mL solution for injection bag,fluconazole,Aspen Pharmacare Australia Pty Ltd,11/5/07,"Injection, solution",Intravenous ,17/7/18,Active,fluconazole,200mg,,,,
826,128727,fluconazole,ASPEN FLUCONAZOLE fluconazole 100mg/50mL solution for injection bag,fluconazole,Aspen Pharmacare Australia Pty Ltd,11/5/07,"Injection, solution",Intravenous ,17/7/18,Active,fluconazole,100mg,,,,
834,104304,fluconazole,FLUCONAZOLE SANDOZ fluconazole 400 mg/200 mL injection,fluconazole,Sandoz Pty Ltd,27/7/05,"Injection, solution",Intravenous ,28/1/21,Active,fluconazole,2mg/mL,,,,
835,104302,fluconazole,FLUCONAZOLE SANDOZ fluconazole 200 mg/100 mL injection,fluconazole,Sandoz Pty Ltd,27/7/05,"Injection, solution",Intravenous ,28/1/21,Active,fluconazole,2mg/mL,,,,
836,104301,fluconazole,FLUCONAZOLE SANDOZ fluconazole 100 mg/50 mL injection,fluconazole,Sandoz Pty Ltd,27/7/05,"Injection, solution",Intravenous ,28/1/21,Active,fluconazole,2mg/mL,,,,
844,34197,gentamicin,Hospira Gentamicin Injection BP 80 mg/2 mL vial,gentamicin sulfate,Hospira Australia Pty Ltd,2/12/91,"Injection, solution",Intravenous ,12/2/19,Active,gentamicin sulfate,64.5mg/mL,,,,
850,16339,gentamicin,DBL GENTAMICIN 10mg/1mL(as sulfate) Injection,gentamicin,Pfizer Australia Pty Ltd,8/10/91,"Injection, solution",Intravenous ,1/9/20,Active,gentamicin,10mg/mL,,,,
851,11376,gentamicin,Pfizer (Australia) GENTAMICIN 80 mg/2 mL (as sulfate) injection BP ampoule,gentamicin,Pfizer Australia Pty Ltd,13/8/91,"Injection, solution",Intravenous ,19/2/21,Active,gentamicin,80mg/2mL,,,,
852,325401,"glecaprevir, pibrentasvir",MAVIRET glecaprevir/pibrentasvir 100 mg/40 mg film-coated tablet bottle,"glecaprevir,pibrentasvir",Abbvie Pty Ltd,16/1/20,"Tablet, film coated",Oral ,17/12/20,Active,glecaprevir,100mg,pibrentasvir,40mg,,
853,284948,"glecaprevir, pibrentasvir",MAVIRET glecaprevir/pibrentasvir 100 mg/40 mg film-coated tablet blister pack,"glecaprevir,pibrentasvir",Abbvie Pty Ltd,2/1/18,"Tablet, film coated",Oral ,17/12/20,Active,glecaprevir,100mg,pibrentasvir,40mg,,
865,244333,itraconazole,ITRACONAZOLE GENPAR itraconazole 100 mg capsule blister pack,itraconazole,Generic Partners Pty Ltd,9/8/16,Capsule,Oral ,12/2/21,Active,itraconazole,100mg,,,,
866,244332,itraconazole,ITRACONAZOLE GXP itraconazole 100 mg capsule blister pack,itraconazole,Generic Partners Pty Ltd,9/8/16,Capsule,Oral ,12/2/21,Active,itraconazole,100mg,,,,
867,244292,itraconazole,ITRACONAZOLE GPPL itraconazole 100 mg capsule blister pack,itraconazole,Generic Partners Pty Ltd,9/8/16,Capsule,Oral  u,12/2/21,Active,itraconazole,100mg,,,,
901,79695,linezolid,ZYVOX linezolid 20mg/mL granules bottle,linezolid,Pfizer Australia Pty Ltd,24/9/01,"Oral Liquid, suspension",Oral ,23/3/21,Active,linezolid,20.4mg/mL,,,,
903,79690,linezolid,ZYVOX linezolid 600mg/300mL injection infusion bag,linezolid,Pfizer Australia Pty Ltd,24/9/01,"Injection, solution",Intravenous ,23/3/21,Active,linezolid,2mg/mL,,,,
904,79689,linezolid,ZYVOX linezolid 400mg/200mL injection infusion bag,linezolid,Pfizer Australia Pty Ltd,24/9/01,"Injection, solution",Intravenous ,23/3/21,Active,linezolid,2mg/mL,,,,
905,79688,linezolid,ZYVOX linezolid 200mg/100mL injection infusion bag,linezolid,Pfizer Australia Pty Ltd,24/9/01,"Injection, solution",Intravenous ,23/3/21,Active,linezolid,2mg/mL,,,,
906,296543,linezolid,PHARMACOR LINEZOLID linezolid 600 mg film-coated tablet blister pack,linezolid,Pharmacor Pty Ltd,15/10/18,"Tablet, film coated",Oral ,3/2/20,Active,linezolid,600mg,,,,
907,296542,linezolid,PHARMACOR LINEZOLID linezolid 600 mg film coated tablets bottle pack,linezolid,Pharmacor Pty Ltd,15/10/18,"Tablet, film coated",Oral ,3/2/20,Active,linezolid,600mg,,,,
908,296541,linezolid,AKM LINEZOLID linezolid 600 mg film-coated tablet bottle pack,linezolid,Pharmacor Pty Ltd,15/10/18,"Tablet, film coated",Oral ,3/2/20,Active,linezolid,600mg,,,,
909,296540,linezolid,AKM LINEZOLID linezolid 600 mg film-coated tablet blister pack,linezolid,Pharmacor Pty Ltd,15/10/18,"Tablet, film coated",Oral ,3/2/20,Active,linezolid,600mg,,,,
910,277697,linezolid,LINEZOLID KABI linezolid 600 mg/300 mL solution for injection infusion bottle,linezolid,Fresenius Kabi Australia Pty Ltd,19/5/17,"Injection, intravenous infusion",Intravenous Infusion ,14/2/20,Active,linezolid,2mg/mL,,,,
911,277696,linezolid,LINEZOLID KABI linezolid 600 mg/300 mL solution for injection infusion bag,linezolid,Fresenius Kabi Australia Pty Ltd,19/5/17,"Injection, intravenous infusion",Intravenous Infusion ,14/2/20,Active,linezolid,2mg/mL,,,,
912,273047,linezolid,CIPLA LINEZOLID linezolid 600 mg film-coated tablet bottle,linezolid,Cipla Australia Pty Ltd,24/1/17,"Tablet, film coated",Oral ,8/10/20,Active,linezolid,600mg,,,,
915,272903,linezolid,CIPLA LINEZOLID linezolid 600 mg film-coated tablet blister pack,linezolid,Cipla Australia Pty Ltd,24/1/17,"Tablet, film coated",Oral ,8/10/20,Active,linezolid,600mg,,,,
918,260209,linezolid,LINEZOLID SZ linezolid 600 mg/300 mL injection IV infusion bag,linezolid,Sandoz Pty Ltd,4/1/17,"Injection, intravenous infusion",Intravenous Infusion ,27/3/17,Active,linezolid,2mg/mL,,,,
919,259947,linezolid,LINEZOLID SANDOZ linezolid 600 mg/300 mL injection IV infusion bag,linezolid,Sandoz Pty Ltd,4/1/17,"Injection, intravenous infusion",Intravenous Infusion ,27/3/17,Active,linezolid,2mg/mL,,,,
926,247238,linezolid,LINEZOLID ML linezolid 600 mg tablet blister pack,linezolid,Amneal Pharma Australia Pty Ltd,1/6/16,Tablet,Oral ,18/7/17,Active,linezolid,600mg,,,,
928,247235,linezolid,LINEZOLID ML linezolid 600 mg tablet bottle,linezolid,Amneal Pharma Australia Pty Ltd,1/6/16,Tablet,Oral ,18/7/17,Active,linezolid,600mg,,,,
933,235022,linezolid,LINEZOLID GPPL linezolid 600 mg tablet blister pack,linezolid,Generic Partners Pty Ltd,28/1/16,"Tablet, film coated",Oral ,7/8/18,Active,linezolid,600mg,,,,
935,235020,linezolid,LINEZOLID GPPL linezolid 600 mg/300 mL injection solution,linezolid,Neo Health (Australia) Pty Ltd,28/1/16,"Injection, solution",Intravenous Infusion ,23/5/17,Active,linezolid,600mg,,,,
938,235017,linezolid,LINEZOLID GENPAR linezolid 600 mg/300 mL injection solution,linezolid,Neo Health (Australia) Pty Ltd,28/1/16,"Injection, solution",Intravenous Infusion ,23/5/17,Active,linezolid,600mg,,,,
939,235016,linezolid,LINEZOLID GXP linezolid 600 mg/300 mL injection solution,linezolid,Neo Health (Australia) Pty Ltd,28/1/16,"Injection, solution",Intravenous Infusion ,23/5/17,Active,linezolid,600mg,,,,
940,235015,linezolid,ZOLID linezolid 600 mg/300 mL injection solution,linezolid,Neo Health (Australia) Pty Ltd,28/1/16,"Injection, solution",Intravenous Infusion ,23/5/17,Active,linezolid,600mg,,,,
942,235013,linezolid,LINEZOID linezolid 600 mg/300 mL injection solution,linezolid,Neo Health (Australia) Pty Ltd,28/1/16,"Injection, solution",Intravenous Infusion ,23/5/17,Active,linezolid,600mg,,,,
943,235012,linezolid,LINEZOLID GXP linezolid 600 mg tablet blister pack,linezolid,Generic Partners Pty Ltd,28/1/16,"Tablet, film coated",Oral ,7/8/18,Active,linezolid,600mg,,,,
945,235010,linezolid,NEZOLID linezolid 600 mg/300 mL injection solution,linezolid,Juno Pharmaceuticals Pty Ltd,28/1/16,"Injection, solution",Intravenous Infusion ,23/5/17,Active,linezolid,600mg,,,,
946,235009,linezolid,LINEZOLID GENPAR linezolid 600 mg tablet blister pack,linezolid,Generic Partners Pty Ltd,28/1/16,"Tablet, film coated",Oral ,7/8/18,Active,linezolid,600mg,,,,
947,235008,linezolid,LINEZOLID CH linezolid 600 mg/300 mL injection solution,linezolid,Neo Health (Australia) Pty Ltd,28/1/16,"Injection, solution",Intravenous Infusion ,23/5/17,Active,linezolid,600mg,,,,
948,235007,linezolid,LINEZOLID AN linezolid 600 mg/300 mL injection solution,linezolid,Neo Health (Australia) Pty Ltd,28/1/16,"Injection, solution",Intravenous Infusion ,23/5/17,Active,linezolid,600mg,,,,
949,235006,linezolid,LINEZOLID APO linezolid 600 mg/300 mL injection solution,linezolid,Apotex Pty Ltd,28/1/16,"Injection, solution",Intravenous Infusion ,30/7/20,Active,linezolid,600mg,,,,
950,234996,linezolid,DBL Linezolid Injection for IV Infusion linezolid 600 mg/300 mL injection infusion bag,linezolid,Pfizer Australia Pty Ltd,28/4/16,"Injection, intravenous infusion",Intravenous Infusion ,28/4/16,Active,linezolid,600mg,,,,
951,234995,linezolid,Hospira Linezolid Injection for IV Infusion linezolid 600 mg/300 mL injection infusion bag,linezolid,Pfizer Australia Pty Ltd,28/4/16,"Injection, intravenous infusion",Intravenous Infusion ,28/4/16,Active,linezolid,600mg,,,,
952,207476,linezolid,APO-LINEZOLID linezolid 600 mg tablet blister pack,linezolid,Apotex Pty Ltd,31/1/14,"Tablet, film coated",Oral ,20/5/19,Active,linezolid,600mg,,,,
953,207474,linezolid,GENRX LINEZOLID linezolid 600 mg tablet blister pack,linezolid,Apotex Pty Ltd,31/1/14,"Tablet, film coated",Oral ,20/5/19,Active,linezolid,600mg,,,,
1001,53981,metronidazole,METROZINE metronidazole 500mg in 100mL injection vial,metronidazole,Proqualix Pty Ltd - in Administration,7/11/95,"Injection, intravenous infusion",Intravenous Infusion ,3/7/02,Active,metronidazole,500mg,,,,
1002,310261,metronidazole,METRONIDAZOLE KABI metronidazole 500mg/100mL solution for injection bottle,metronidazole,Fresenius Kabi Australia Pty Ltd,4/12/19,"Injection, solution",,4/12/19,Active,metronidazole,500mg,,,,
1005,27499,metronidazole,FLAGYL metronidazole 500 mg suppositories blister pack,metronidazole,Sanofi-Aventis Australia Pty Ltd,21/10/91,Suppository,Rectal ,29/7/20,Active,metronidazole,500mg,,,,
1008,17655,metronidazole,METROGYL 400 metronidazole 400mg tablet bottle,metronidazole,Alphapharm Pty Ltd,20/9/91,"Tablet, uncoated",Oral ,20/1/21,Active,metronidazole,400mg,,,,
1009,17654,metronidazole,METROGYL 200 metronidazole 200mg tablet bottlet,metronidazole,Alphapharm Pty Ltd,20/9/91,"Tablet, uncoated",Oral ,20/1/21,Active,metronidazole,200mg,,,,
1010,165164,metronidazole,METRONIDAZOLE BAXTER metronidazole 500mg/100mL solution for injection bag,metronidazole,Baxter Healthcare Pty Ltd,15/7/11,"Injection, solution",Intravenous Infusion ,7/12/18,Active,metronidazole,5mg/mL,,,,
1011,165161,metronidazole,METRONIDAZOLE-CLARIS metronidazole 500mg/100mL solution for injection vial,metronidazole,Baxter Healthcare Pty Ltd,15/7/11,"Injection, solution",Intravenous Infusion ,13/9/19,Active,metronidazole,5mg/mL,,,,
1018,129476,metronidazole,METRONIDAZOLE JUNO metronidazole 500mg/100mL solution for injection bag,metronidazole,Juno Pharmaceuticals Pty Ltd,10/5/07,"Injection, solution",Intravenous ,31/3/21,Active,metronidazole,500mg,,,,
1019,12728,metronidazole,Pfizer (Australia) METRONIDAZOLE 5mg/mL (0.5%) injection vial,metronidazole,Pfizer Australia Pty Ltd,13/8/91,"Injection, solution",Intravenous ,16/2/21,Active,metronidazole,5mg,,,,
1020,10846,metronidazole,Metronidazole Gel 0.5%,metronidazole,Orion Laboratories Pty Ltd T/A Perrigo Australia,9/7/91,Gel,Topical ,3/7/02,Active,metronidazole,5mg/mL,,,,
1021,81598,moxifloxacin,AVELOX IV 400 moxifloxacin 400 mg/250 mL (as hydrochloride) intravenous infusion solution bottle,moxifloxacin,Bayer Australia Ltd,31/1/02,"Injection, intravenous infusion",Intravenous ,26/2/21,Active,moxifloxacin,1.6mg/mL,,,,
1022,78977,moxifloxacin,AVELOX IV 400 moxifloxacin 400 mg/250 mL (as hydrochloride) intravenous infusion solution bag,moxifloxacin,Bayer Australia Ltd,31/1/02,"Injection, intravenous infusion",Intravenous ,26/2/21,Active,moxifloxacin,1.6mg/mL,,,,
1023,75766,moxifloxacin,AVELOX moxifloxacin 400 mg (as hydrochloride) tablet blister pack,moxifloxacin,Bayer Australia Ltd,21/12/00,"Tablet, film coated",Oral ,26/2/21,Active,moxifloxacin,400mg,,,,
1031,272979,nevirapine,Nevirapine XR APOTEX nevirapine 400 mg modified release tablet blister pack,nevirapine,Apotex Pty Ltd,25/1/17,"Tablet, modified release",Oral ,13/12/18,Active,nevirapine,400mg,,,,
1040,176980,nevirapine,VIRAMUNE XR nevirapine 400 mg extended-release tablet blister pack,nevirapine,Boehringer Ingelheim Pty Ltd,4/1/12,"Tablet, modified release",Oral ,30/10/20,Active,nevirapine,400mg,,,,
1047,299387,nitrofurantoin,NITROFURANTOIN MLABS nitrofurantoin 100 mg capsule bottle pack,nitrofurantoin,Micro Labs Pty Ltd,21/12/18,"Capsule, hard",Oral ,21/12/18,Active,nitrofurantoin,100mg,,,,
1052,299382,nitrofurantoin,NITROFURANTOIN MLABS nitrofurantoin 50 mg capsule bottle pack,nitrofurantoin,Micro Labs Pty Ltd,21/12/18,"Capsule, hard",Oral ,21/12/18,Active,nitrofurantoin,50mg,,,,
1059,219878,nystatin,"PHARMACY CARE NYSTATIN ORAL DROPS nystatin 100,000IU/mL suspension bottle",nystatin,Cipla Australia Pty Ltd,5/2/14,Oral Liquid,Oral Application ,19/8/19,Active,nystatin,100000 USP Unit,,,,
1060,211170,nystatin,"AMCAL NYSTATIN ORAL DROPS nystatin 100,000IU/mL oral solution bottle",nystatin,Cipla Australia Pty Ltd,20/6/13,Oral Liquid,Oral Application ,19/8/19,Active,nystatin,100000 USP Unit,,,,
1062,19216,nystatin,"MYCOSTATIN nystatin 100,000U/g cream tube",nystatin,Aspen Pharma Pty Ltd,30/9/91,Cream,Topical ,14/5/18,Active,nystatin,100000 USP Unit,,,,
1064,164020,nystatin,"OMEGAPHARM NYSTATIN ORAL DROPS nystatin 100,000IU/mL suspension bottle",nystatin,Cipla Australia Pty Ltd,4/8/09,Oral Liquid,Oral Application ,19/8/19,Active,nystatin,100000 USP Unit,,,,
1065,15228,nystatin,Nilstat Oral Capsules,nystatin,Aspen Pharma Pty Ltd,9/9/91,"Capsule, hard",Oral ,31/7/20,Active,nystatin,500000 USP Unit,,,,
1066,15227,nystatin,Nilstat Oral Tablets,nystatin,Aspen Pharma Pty Ltd,9/9/91,"Tablet, film coated",Oral ,31/7/20,Active,nystatin,500000 USP Unit,,,,
1067,15175,nystatin,NILSTAT ORAL TABLETS,nystatin,Aspen Pharma Pty Ltd,9/9/91,"Tablet, film coated",Oral ,31/7/20,Active,nystatin,500000 USP Unit,,,,
1068,15174,nystatin,NILSTAT ORAL CAPSULES,nystatin,Aspen Pharma Pty Ltd,9/9/91,"Capsule, hard",Oral ,31/7/20,Active,nystatin,500000 USP Unit,,,,
1095,48896,phenoxymethylpenicillin,CILICAINE V Oral Suspension 125mg/5mL,phenoxymethylpenicillin,Mylan Health Pty Ltd,2/5/94,"Oral Liquid, suspension",Oral ,3/7/02,Active,phenoxymethylpenicillin,25.8mg/mL,,,,
1096,43486,phenoxymethylpenicillin,CILICAINE V oral Suspension 250mg per 5mL,phenoxymethylpenicillin,Mylan Health Pty Ltd,25/3/93,"Oral Liquid, suspension",Oral ,3/7/02,Active,phenoxymethylpenicillin,51.5mg/mL,,,,
1140,23101,quinine,QUININE DIHYDROCHLORIDE 6% sterile concentrate (600 mg/10 mL) injection vial,quinine dihydrochloride,Phebra Pty Ltd,14/10/91,"Injection, solution",Intravenous ,7/4/21,Active,quinine dihydrochloride,60mg/mL,,,,
1149,48231,rifampicin,RIMYCIN 300 rifampicin 300 mg capsule bottle,rifampicin,Alphapharm Pty Ltd,10/3/94,"Capsule, hard",Oral  u,5/3/21,Active,rifampicin,300mg,,,,
1150,48230,rifampicin,RIMYCIN 150 rifampicin 150 mg capsule bottle,rifampicin,Alphapharm Pty Ltd,10/3/94,"Capsule, hard",Oral  u,5/3/21,Active,rifampicin,150mg,,,,
1155,158301,ritonavir,NORVIR ritonavir 100 mg tablets bottle,ritonavir,Abbvie Pty Ltd,30/11/09,"Tablet, film coated",Oral ,23/9/20,Active,ritonavir,100mg,,,,
1158,159342,sulfadiazine,FLAMAZINE silver sulfadiazine 1.0% w/w cream tube,silver sulfadiazine,Smith & Nephew Pty Ltd,11/6/10,Cream,Topical ,15/2/21,Active,silver sulfadiazine,10mg/g,,,,
1159,159338,sulfadiazine,FLAMAZINE silver sulfadiazine 1.0% w/w cream jar,silver sulfadiazine,Smith & Nephew Pty Ltd,11/6/10,Cream,Topical ,15/2/21,Active,silver sulfadiazine,10mg/g,,,,
1160,315665,"sulfamethoxazole, trimethoprim",Sulfamethoxazole and Trimethoprim 400mg / 80mg tablet bottle,"sulfamethoxazole,trimethoprim",Alphapharm Pty Ltd,22/3/19,Tablet,Oral ,22/3/19,Active,sulfamethoxazole,400mg,trimethoprim,80mg,,
1161,17682,"sulfamethoxazole, trimethoprim",RESPRIM FORTE trimethoprim/sulfamethoxazole 160 mg/800 mg tablet blister pack,"sulfamethoxazole,trimethoprim",Alphapharm Pty Ltd,20/9/91,"Tablet, uncoated",Oral ,10/12/20,Active,sulfamethoxazole,800mg,trimethoprim,160mg,,
1162,17681,"sulfamethoxazole, trimethoprim",RESPRIM trimethoprim/sulfamethoxazole 80 mg/400 mg tablet blister pack,"sulfamethoxazole,trimethoprim",Alphapharm Pty Ltd,20/9/91,"Tablet, uncoated",Oral ,10/12/20,Active,sulfamethoxazole,400mg,trimethoprim,80mg,,
1163,16293,"sulfamethoxazole, trimethoprim",DBL SULFAMETHOXAZOLE 400 mg AND TRIMETHOPRIM 80 mg CONCENTRATE INJECTION BP 5mL injection ampoule,"sulfamethoxazole,trimethoprim",Pfizer Australia Pty Ltd,8/10/91,"Injection, concentrated",Intravenous ,15/3/21,Active,sulfamethoxazole,400mg,trimethoprim,80mg,,
1193,82903,valganciclovir,VALCYTE valganciclovir (as hydrochloride) 450 mg tablet bottle,valganciclovir,Roche Products Pty Ltd,17/6/02,"Tablet, film coated",Oral ,7/10/20,Active,valganciclovir,496.3mg,,,,
1216,62603,vancomycin,VANCOMYCIN vancomycin (as hydrochloride) 500mg powder for injection vial,vancomycin,Hospira Australia Pty Ltd,26/3/98,"Injection, powder for",Intravenous ,8/12/20,Active,vancomycin,500mg,,,,
1217,62595,vancomycin,DBL VANCOMYCIN vancomycin (as hydrochloride) 1000 mg powder for injection vial,vancomycin,Hospira Australia Pty Ltd,26/3/98,"Injection, powder for",Intravenous ,8/12/20,Active,vancomycin,1000mg,,,,
1218,41609,vancomycin,VANCOCIN CP 1g powder for injection,vancomycin,Aspen Pharmacare Australia Pty Ltd,18/11/92,"Injection, powder for",Oral ,26/5/15,Active,vancomycin,1g,,,,
1226,14658,vancomycin,VANCOCIN CP 500mg powder for injection,vancomycin,Aspen Pharmacare Australia Pty Ltd,5/9/91,"Injection, powder for",Intravenous ,26/5/15,Active,vancomycin,500mg,,,,
1237,293391,voriconazole,VORICONAZOLE PFS voriconazole 40 mg/mL powder for oral suspension bottle,voriconazole,Generic Partners Pty Ltd,22/3/19,"Suspension, powder for",Oral ,22/3/19,Active,voriconazole,40mg,,,,
1238,293390,voriconazole,VORICONAZOLE PFS GenPar voriconazole 40 mg/mL powder for oral suspension bottle,voriconazole,Generic Partners Pty Ltd,22/3/19,"Suspension, powder for",Oral ,22/3/19,Active,voriconazole,40mg,,,,
1239,293389,voriconazole,VZOLE PFS voriconazole 40 mg/mL powder for oral suspension bottle,voriconazole,Generic Partners Pty Ltd,22/3/19,"Suspension, powder for",Oral ,22/3/19,Active,voriconazole,40mg,,,,
1240,293388,voriconazole,VORIZOLE PFS voriconazole 40 mg/mL powder for oral suspension bottle,voriconazole,Generic Partners Pty Ltd,22/3/19,"Suspension, powder for",Oral ,22/3/19,Active,voriconazole,40mg,,,,
1241,293387,voriconazole,ZOLENS PFS voriconazole 40 mg/mL powder for oral suspension bottle,voriconazole,Generic Partners Pty Ltd,22/3/19,"Suspension, powder for",Oral ,22/3/19,Active,voriconazole,40mg,,,,
1242,293386,voriconazole,VORICONAZOLE PFS GPPL voriconazole 40 mg/mL powder for oral suspension bottle,voriconazole,Generic Partners Pty Ltd,22/3/19,"Suspension, powder for",Oral ,22/3/19,Active,voriconazole,40mg,,,,
1257,238270,voriconazole,VORICONAZOLE GH voriconazole 200 mg powder for injection vial,voriconazole,Neo Health (Australia) Pty Ltd,22/7/16,"Injection, powder for",Intravenous ,28/10/16,Active,voriconazole,200mg,,,,
1258,238269,voriconazole,VORICONAZOLE GH voriconazole 200 mg film-coated tablets bottle,voriconazole,Generic Partners Pty Ltd,22/7/16,"Tablet, film coated",Oral ,29/5/20,Active,voriconazole,200mg,,,,
1259,238268,voriconazole,VORICONAZOLE GH voriconazole 200 mg film-coated tablets blister pack,voriconazole,Generic Partners Pty Ltd,22/7/16,"Tablet, film coated",Oral ,29/5/20,Active,voriconazole,200mg,,,,
1260,238267,voriconazole,VORICONAZOLE GH voriconazole 50 mg film-coated tablets bottle,voriconazole,Generic Partners Pty Ltd,22/7/16,"Tablet, film coated",Oral ,29/5/20,Active,voriconazole,50mg,,,,
1261,238266,voriconazole,VORICONAZOLE GH voriconazole 50 mg film-coated tablets blister pack,voriconazole,Generic Partners Pty Ltd,22/7/16,"Tablet, film coated",Oral ,29/5/20,Active,voriconazole,50mg,,,,
1272,238238,voriconazole,VORICONAZOLE GENPAR voriconazole 200 mg powder for injection vial,voriconazole,Neo Health (Australia) Pty Ltd,22/7/16,"Injection, powder for",Intracranial ,28/10/16,Active,voriconazole,200mg,,,,
1273,238237,voriconazole,VORICONAZOLE GENPAR voriconazole 200 mg film-coated tablets blister pack,voriconazole,Generic Partners Pty Ltd,22/7/16,"Tablet, film coated",Oral ,29/5/20,Active,voriconazole,200mg,,,,
1274,238236,voriconazole,VORICONAZOLE GENPAR voriconazole 200 mg film-coated tablets bottle,voriconazole,Generic Partners Pty Ltd,22/7/16,"Tablet, film coated",Oral ,29/5/20,Active,voriconazole,200mg,,,,
1275,238235,voriconazole,VORICONAZOLE GENPAR voriconazole 50 mg film-coated tablets bottle,voriconazole,Generic Partners Pty Ltd,22/7/16,"Tablet, film coated",Oral ,29/5/20,Active,voriconazole,50mg,,,,
1276,238234,voriconazole,VORICONAZOLE GENPAR voriconazole 50 mg film-coated tablets blister pack,voriconazole,Generic Partners Pty Ltd,22/7/16,"Tablet, film coated",Oral ,29/5/20,Active,voriconazole,50mg,,,,
1277,238213,voriconazole,VORICONAZOLE GXP voriconazole 200 mg powder for injection vial,voriconazole,Neo Health (Australia) Pty Ltd,22/7/16,"Injection, powder for",Intravenous ,28/10/16,Active,voriconazole,200mg,,,,
1278,238212,voriconazole,VORICONAZOLE GXP voriconazole 200 mg film-coated tablets blister pack,voriconazole,Generic Partners Pty Ltd,22/7/16,"Tablet, film coated",Oral ,29/5/20,Active,voriconazole,200mg,,,,
1279,238211,voriconazole,VORICONAZOLE GXP voriconazole 200 mg film-coated tablets bottle,voriconazole,Generic Partners Pty Ltd,22/7/16,"Tablet, film coated",Oral ,29/5/20,Active,voriconazole,200mg,,,,
1280,238210,voriconazole,VORICONAZOLE GXP voriconazole 50 mg film-coated tablets bottle,voriconazole,Generic Partners Pty Ltd,22/7/16,"Tablet, film coated",Oral ,29/5/20,Active,voriconazole,50mg,,,,
1281,238209,voriconazole,VORICONAZOLE GXP voriconazole 50 mg film-coated tablets blister pack,voriconazole,Generic Partners Pty Ltd,22/7/16,"Tablet, film coated",Oral ,29/5/20,Active,voriconazole,50mg,,,,
1282,238208,voriconazole,VORICONAZOLE GPPL voriconazole 200 mg powder for injection vial,voriconazole,Neo Health (Australia) Pty Ltd,22/7/16,"Injection, powder for",Intracranial ,28/10/16,Active,voriconazole,200mg,,,,
1283,238112,voriconazole,VORICONAZOLE GPPL voriconazole 200 mg film-coated tablets bottle,voriconazole,Generic Partners Pty Ltd,22/7/16,"Tablet, film coated",Oral ,29/5/20,Active,voriconazole,200mg,,,,
1284,238093,voriconazole,VORICONAZOLE GPPL voriconazole 200 mg film-coated tablets blister pack,voriconazole,Generic Partners Pty Ltd,22/7/16,"Tablet, film coated",Oral ,29/5/20,Active,voriconazole,200mg,,,,
1285,238092,voriconazole,VORICONAZOLE GPPL voriconazole 50 mg film-coated tablets bottle,voriconazole,Generic Partners Pty Ltd,22/7/16,"Tablet, film coated",Oral ,29/5/20,Active,voriconazole,50mg,,,,
1286,238072,voriconazole,VORICONAZOLE GPPL voriconazole 50 mg film-coated tablets blister pack,voriconazole,Generic Partners Pty Ltd,22/7/16,"Tablet, film coated",Oral ,29/5/20,Active,voriconazole,50mg,,,,
1310,41043,zidovudine,RETROVIR syrup zidovudine 50mg/5mL bottle,zidovudine,ViiV Healthcare Pty Ltd,11/12/92,"Oral Liquid, solution",Oral ,13/3/20,Active,zidovudine,10mg/mL,,,,